"y1","y2","y3","y4","y5","y6","y7","y8","y9","y10","y11","y12","y13","y14","y15"
0.750799934620275,0.682615533335476,0.520426216023716,0.023891346582172,1.91834233379258,0.646683678725802,1.82840787340713,-0.139769234243191,2.00440688734129,1.55469714851038,0.757510490800528,1.8385701995682,1.29052918720339,0.225370810536671,0.484457162676315
-1.78772812602539,0.98168012316899,-0.0805162491728135,-0.165673674590064,-0.793512209664828,-0.22485407945034,-2.39180321700886,-1.09791908237247,-0.727565483162205,0.369412040206147,-0.170793775074694,-0.477711732513128,-1.25772100910481,0.00539591250805734,0.641683570026779
-1.12925890710686,-1.97922693473094,-2.54541006709932,-0.198297972143817,-0.983418208859124,0.170344040880098,0.772402632809323,-0.772376646230487,-0.572326473021475,1.29908070962332,-1.59036751253518,-1.75342969377576,-2.13523633536549,-1.0483363063203,-1.26554252630899
-0.932455580642506,-1.73968868458231,-0.822795888874009,-1.64119705847446,-0.0840181665160534,-0.559143691956735,-0.172142904620072,-0.138622909676382,0.654225982237313,-0.0239891108623002,0.342221873920233,0.143496772369661,-1.22303412220155,0.668447307687715,0.378198473649862
0.271851257916949,-0.08706687359885,-1.00202431973066,-1.58118774215952,-1.8898462071574,-1.77007675157181,-1.44603050739686,-1.14445438517611,-1.4511888901326,-0.304845861122162,-1.88351656760922,-1.99487516240199,-1.68279473275634,-1.80182338192183,0.280008386912145
-0.0137839997835468,0.13076746081778,0.259475049385229,0.313217928984403,-0.940128322411063,0.134735353341024,-0.576642892856843,0.865118024492127,-0.389558321764739,-0.595372796780161,0.830397372440379,0.166025126873282,0.0926901272335394,-1.56818519479356,-2.02405233813749
0.11123226507143,-0.0557507528037925,0.75139580279541,1.40660708598309,-0.292873876523829,-0.82203484901926,-0.417500006124987,-0.0796564617093898,-1.33365200707124,0.275825199264465,0.046028705510447,0.23669458553852,-0.0495554075901641,0.686923025269189,0.598386610494691
-0.33698778636365,0.582872058848611,1.20226594910415,-0.890108201161521,-0.0217733780988348,0.231176419010108,0.870228326749935,1.06233688992568,0.520115756960482,0.145448586027547,0.938207921761885,0.229886689784451,1.37688798983287,1.71714346519996,-0.965159838462006
-0.34181885622251,-1.22575255907457,-0.490035997083908,-1.2036423550692,0.73868731401816,-1.49640741677913,-0.0710406365821228,-0.972404420813378,-0.810210584429562,-0.717819841116499,-0.727204744741454,-0.799705417455301,-0.131188720550234,-0.104546383398377,-0.921447503063625
-1.30826750846201,-1.54490964608267,-0.71237250541314,0.551745668794838,0.743813752118533,0.734393367648083,1.25054083432684,0.40593564743123,0.680556596291067,-0.94272001659263,0.127278867143211,0.247777116702771,-0.236113071160823,-0.531277101974486,-1.39394262808599
-0.0720524439425112,1.02051969550607,0.433047001959082,0.738838373370936,-3.12683903332891,-1.01201988705791,-0.348996494892866,0.486221391354254,0.65587392981795,1.117435535943,-0.555429736329085,0.251852080780534,-0.846138296348501,1.6125532240584,1.29382354386614
-0.0935394051402703,-0.659333696579404,-0.556812149894253,0.0932935564561929,1.22522457476924,0.0281223980034606,-0.401670887121887,0.203412855411194,-0.818229757548603,2.17481737555752,-0.0981078809791718,0.765188262296242,-1.03422301974337,1.19562569252238,-0.283499033093356
-0.288144457091184,-0.833356232849405,-0.89284759032234,-0.268404517808953,-1.57746675700106,-0.884705046118337,-0.942100488948334,-1.48732292959745,-0.740805119761598,-0.353618536336415,0.44589039752905,-0.0266684433655496,-0.892508456900669,0.36204502703517,-0.708098656521968
-0.0415230166049715,-0.218514117874461,0.776549192192268,-0.620733866939037,-1.10616968251244,-0.410468788412249,-0.0378884633752273,-0.905412623600021,0.156870757412897,0.0868402254458204,-0.763459009810066,-0.0648481373411283,0.495243998978052,-1.07440566250801,-0.0210842599348829
-0.0591883698516145,0.443377340648973,0.709257082923169,0.84332956575293,0.695240266175247,-1.55854156454465,-1.96890957120783,-1.31916710895295,-0.423540917152853,-1.55708461835708,0.529261789002691,2.07107531282661,0.603604449013578,-0.0750479763883742,0.930034368579064
0.175645599230853,0.94047405112883,0.595927330692522,1.40955578510153,2.04279553918418,0.568853482784542,-0.503582184080127,0.902735809357783,0.00116436190960715,-0.429226531371692,-1.85383808908545,0.523262320466864,-0.363494338542038,-0.644880342210193,-0.532523929576309
-0.451500714721452,-0.854989279453327,-0.966691760946494,-0.0624147146569034,-1.94475739917313,-0.371435889377662,0.269716487430314,-0.51517945176745,-0.281334932718712,-0.327550438138953,-0.521335784669674,-0.983348826580229,0.074226539052195,0.410329572449953,-0.179132642029756
-0.0525567577457561,-0.304837197778472,-0.410361198836016,0.508082332074618,-0.0887729806381678,-0.153454726264915,-0.608257485894333,-0.370227441330682,-1.139369206382,-0.528197050420436,-1.93996987825562,-0.56735827989104,-0.969437528028433,-2.27090826473046,1.56932649005985
-0.76824681996062,-1.72470193212615,-0.501707150591777,0.370686538266801,0.466503394743796,-1.24881909792636,-0.292301715694457,0.164004592525274,1.87731236719506,0.446444763873276,0.499176978365732,0.447781967252676,-0.293182572334076,0.840158716980342,0.954698078455173
-0.578353060217816,-0.971513306458799,-0.822256191603714,0.196987897856575,-0.647627455486119,-0.542610685185378,-1.36363195174309,-1.06653356296553,-0.733830990908821,0.343483980997024,-0.125547127948146,1.48095588039517,0.111006666061797,-0.902702822259921,0.509950309079903
-1.50813380710753,-0.912760516762863,-1.97414943652554,1.01404770091633,-0.401651052360307,-0.572002366683059,-1.57994450225228,-0.693946412837829,-0.526434093493773,-1.77077621537498,-1.53302004597869,-1.84424853927561,-1.90090888122154,-2.18206128457355,-0.0206046997899191
0.597530911554401,-0.433497292251246,0.392143252655265,-0.197514130288567,2.17861021203721,0.51885994766612,2.07319720018763,-1.15895998150099,-0.715421587943632,-0.434211699152361,-0.775744830233796,0.627218648666468,0.230147249727234,0.533965864664699,0.274408434560662
0.745498610867222,0.393091056899631,0.228174556797641,0.0532483287781073,0.25319977435363,-0.0829194919340931,-0.845804579675089,0.584934722136279,-1.22816780138995,-1.21440353599608,-0.587431572027308,0.467554299257016,-0.0421149635097453,1.63243899382728,0.259616163964607
2.05118564393241,0.157645979258291,0.625139378329242,0.695441665112194,1.88119839211342,-0.545375198094205,1.67924484418892,-0.322729633291283,-0.565035518834334,0.785261406548739,-0.751874465048965,0.456263160515193,0.11554283702616,-0.529416124991922,0.0203043069116839
0.175666116567189,-0.542433785760797,-0.31129564553452,-1.01250843422159,1.17456396890207,0.590253637144569,-0.241456359058965,-0.254459760408036,-0.0715210059342704,-1.54634643923678,-0.742024659753285,-0.688157918665787,0.376163489645326,-1.17566434150336,0.651596294967304
-0.410094229425099,-0.30399912694707,0.194218776507952,-0.430003758991887,0.330507733166533,0.418936055889564,0.0837018383511305,1.71492145678166,0.708962616205021,0.130940882789501,1.13743488855259,0.553036655684754,-0.00918081006535416,0.00183944435421392,0.40425660508378
0.629447971256961,0.981284412242175,1.14229727753692,-0.173178206978074,0.649332873931007,-0.698801771572341,-0.470025355462267,-0.510781708110668,-1.56182279283879,0.387540229755463,0.944430220128676,-0.540032801367062,0.151380490398796,0.626946777541394,-2.26678499165447
-0.503316391498108,-0.13235679499607,0.286205574266855,0.549843816021351,0.308111602688328,-0.772731825455317,-0.0502692317514246,-1.86188290327315,0.116579360029286,-2.59125718853399,-0.224121020232535,-0.0357976434127973,-0.389919726882067,0.0830460885621204,0.231595943658392
0.667457468569146,-0.113403453303628,-0.67555707527144,0.888775909252323,-1.50698956568046,-0.639919129112253,-0.298857105603475,-2.11048254640252,-0.947303221808932,-0.384162099573287,-0.153220224898286,-1.52952275277236,-2.08174607357085,0.748937975992657,0.010230978184303
0.47803785685618,1.43578790659914,-1.09385285180582,0.0509814434964221,0.67091003279873,-1.41560142787402,-1.17871882954676,-0.364640470007812,-1.21386122517298,-1.2233564024448,-0.85822207035266,-0.253850718385454,-2.16676139792424,0.599275206595166,-0.427321031988646
-0.597330280303019,-0.973495115765723,0.39418298912445,0.201549953650016,-0.358194684036692,0.236775296894566,0.0855880114473939,-0.652726509849135,-0.85465514256082,0.470182414306967,0.493840878128531,0.414685258487564,1.2251105061217,0.522157226835849,-0.00347716826117799
1.09828327504166,1.74220533009586,1.35905078436554,-0.63282594238731,-1.24229209800113,1.49896670016758,1.23052640268391,1.11824883960685,-0.952844659812213,1.82933673731678,0.500899511077765,2.42558834253431,1.25354076126703,-0.837210024460836,0.356329727411055
-1.56230410469596,-0.479315871737951,-1.08789623447288,-1.07434083341345,-1.31468589030478,-0.404094622044585,0.00961546685592347,0.0381585121494967,0.606608240341021,0.0422911327469069,-0.722454523580546,-0.96481400055676,-1.14196757099498,-0.111771946485871,-0.17957776369258
0.0237908038631371,0.0405263883461989,0.807492414930804,-0.348181155014031,0.354733929612308,2.13059787273526,0.28188929672172,0.853388831873177,-0.134873380913914,0.305909887652789,1.41540624698862,1.09714218541361,1.85074543791689,1.57359120407643,0.303164141236578
0.944744875036835,1.13534258061795,1.10266067592885,-0.34114030455473,1.11786121696246,-0.408677648082799,0.152687215921347,0.87105848270997,0.550745858939533,-1.469336373724,0.782692303274935,-0.557374374334536,0.573455244228369,1.1893040156877,0.858810465169706
-0.389629291292842,-0.353440611251374,1.75430993440471,-1.48485104998592,-1.14384607041534,-0.309807662578263,-0.794307181367007,0.686242513469197,-0.0664740312058777,-0.310160754826398,0.282765898448835,1.06179070823344,1.55058525817496,0.194828835183371,0.801847699771378
-0.631356434952851,-1.27094342754776,-0.616236334674836,-0.952600005554514,-0.652521674252432,-1.12965659135194,0.875450465508902,-0.269356257423048,-0.563166710442692,0.288468826612803,0.37878813874109,-0.884524628443464,-0.529479716651967,-0.333877904061941,-1.43166337205447
-2.21491418910843,-2.16951825868401,-1.5650867394377,-1.21479978460434,1.17901274701019,-0.556072647990437,0.389067068796477,-0.393648373713109,0.528113191523326,0.0224051890816721,-0.654447807142613,1.020253260799,-0.916976748768584,0.197180075680169,-0.257698955286087
1.69140923290901,1.36952582344185,1.4477157390524,0.138668637469246,-0.113360088496615,-0.452071041138223,-0.0792225601868539,1.16181375178908,-0.276870066370863,-0.542637126643181,0.553212173909438,0.495486015328098,0.954479513294359,1.12669028124806,-0.750268200393385
-1.87431134506719,0.0276529982102386,-1.11757640862248,1.7052477021851,-0.608953401094363,-0.789226324122245,-1.49797740903451,-0.534385771127283,-0.324817634622031,-2.0588259820529,0.189316919395403,-1.30405919612493,-0.869914405432215,0.868749107251464,0.498332431193151
-0.0129075917836124,1.23547493802317,1.47281389216854,1.7129817377889,0.537124174109091,-0.140676380751088,-2.50711065974807,0.730635705874963,-0.164080248993996,0.212780865542335,0.684601859157007,0.437785918892659,0.150824369663772,-0.382383046716878,-0.169215411383777
-0.237920278529238,0.867537178729997,-0.6903426132968,0.113269193312868,-0.342533671219697,-1.14866981898068,-0.215164199815254,-0.24354751874672,-0.468332262100258,-1.26221772059745,0.0134085001730237,-0.190309881499558,-1.66165474219947,0.466516158369677,-0.167332466726483
0.00286699834410591,0.128819857680843,0.280331192937157,2.08766674548703,0.79241888187082,-0.31766471593307,-0.348459256006304,-0.310387933139866,-0.0993507096074854,1.57406538529013,-0.702164703783092,-0.410726006684925,-0.559842066429619,-0.628160106275653,1.51478070688013
-0.213205864115074,0.639644962477801,0.0386600577505663,-0.294882137501192,1.57358140535424,0.971710272007462,0.295425100461115,0.603090397460586,-1.08193316589275,0.504492880357124,0.186726112734251,-0.333979694532834,0.662763582265459,1.04036015503014,-0.270238527565117
1.96192770360507,1.47897926372193,1.54386385050502,0.77465562944984,0.652641032121296,2.55760435532731,1.96829256282651,1.61378056969225,0.380303141779833,-0.794903562257837,0.0932296450536001,0.192867714967787,-0.0381754492372459,1.2476741384796,0.667893687849177
-0.306210672385591,0.202675956154026,-1.99826137224754,-1.54295553023168,-0.125252265543704,-0.27687688051206,0.169903357477113,0.609732483443344,-0.640966978332871,-1.29528296231105,-1.14534328294312,-0.575735105587882,-1.3992081931983,-1.43402683884149,1.17650234689355
-0.493481977063513,1.23561934815835,-0.311174522212985,0.23398933571568,0.259148893487875,-1.77163696999672,0.542836658966566,-1.40363871981833,-0.248126576296017,-1.76856265992606,-0.998959950642145,0.205611216403743,-1.11457612269434,-0.92955492695837,-1.26254240642415
1.6861836406144,1.3783077925557,1.56714350217046,2.01852331001675,0.431447532713731,-1.91274620801223,-1.7900537690544,-0.569116125078812,-0.90226821706443,-0.184159883309496,1.05557304998392,0.494037635946284,-0.343128974742427,-1.54545649402137,0.280554643720114
0.545384140358494,0.041373334248192,-0.0952644642647409,-0.368314755926483,0.768362064412513,1.25619754622574,0.713461008646608,1.16020029542433,0.242600639439616,0.606946731366106,0.172909344364156,1.54563599358889,0.918209221798382,1.90581435390182,-1.03905256513194
0.0357451454968946,-0.299573053128352,0.0169197217561405,-0.754234537220614,1.43814170246763,0.522780226741198,0.648664321041208,1.07614993596782,0.632217417059759,0.250529179983282,0.883435745986356,1.47646350607478,0.683057908458583,-1.23277731595451,0.272801325530865
-0.496123459871958,-0.310851927114266,-0.698796054413255,-0.5262362060487,0.542735262866476,-1.0333767722108,-1.0320720394432,-2.85444216253203,-1.87782460586906,-0.368131859038995,0.0989961892024484,-0.891733077707733,-0.575711518575657,-1.15545408061066,-1.71085046067201
1.69596709588815,0.323442965113102,-0.752454119101413,0.863438444274536,0.76792305690976,-0.691871628796924,0.206603018946592,-0.687641312538717,-0.259767718315748,-0.694409956226223,-0.296862489841174,-0.529852062195552,0.452930902547051,-1.6628025031096,-0.572555493240396
0.162063337288442,1.13818708988503,2.16812105443515,0.526070073216295,1.14907999069469,0.486605531846088,0.199610091378291,0.460943349323679,0.250469541132725,-2.18278330616083,0.370474551627993,1.28294665983309,2.04545698870478,1.65809823290517,0.630282285760297
0.383544232923227,1.09619197959209,0.256302330411431,0.977331484447225,0.301246470031903,-0.751533921017107,-0.947594964646852,-0.262041790511584,-0.712254102826506,0.26351606475128,0.127904120158428,-0.223572206613084,-0.447215464446768,-0.460670052544803,-1.42698193271223
1.2695500682575,1.01329880589843,0.733125283327351,0.642001075239061,1.00665929585051,1.03388535057863,-0.686047628203215,0.0421985017999829,0.632708552605615,1.99323308786968,-0.0461637198410232,0.111283700602376,0.78614872821857,-1.57347195911779,0.828223658232733
-1.02626434971641,-0.61805025686075,-1.13776578862464,-1.891581176138,0.911885975708887,0.5105974956527,-0.830303172501091,-0.593363162588484,-0.778103302152205,0.180668843456219,-1.33442739594107,-1.12759221619175,0.413760765083023,-0.393421749895817,-1.50761625245355
-0.185459719533244,1.10447051012627,-1.07296515098014,-0.0549698186832891,1.21577333652104,0.823726501082923,-0.427759538701719,1.09177210636045,1.10969025197122,-0.666236270903024,-1.4113742312931,-2.28508266632675,-1.02625336162256,-0.286641792344019,-0.698429206021128
0.15999231783274,0.547076598875694,-0.20531041106431,0.0731372849508684,-0.518746271043543,0.413633914317258,-1.16156711224568,-0.658831265009462,0.493161885205065,-2.38687526802079,-0.365103721993677,-0.125506727733526,0.0555198738991851,-1.27449452289968,0.839810930295248
0.156464509924089,-0.29173819947465,0.0315546121502319,0.435866511332794,-0.157377005544643,-0.121543378741788,-0.212302074863414,-0.752100358133058,0.719840434559406,0.379903753874368,0.074639896493171,0.805354857836221,-0.950036774985414,-1.9505620929135,-0.247325960722443
1.46660228839982,1.24954793033301,0.518992722896862,1.34960095122716,0.0625188861545266,1.61954359026918,1.93064904103168,0.847674744502935,-0.609827466029488,1.12413376589823,-0.397683554506852,1.70749602381811,0.733711407919381,-1.61710024975616,-0.544215352823487
-0.48514886789026,-0.936905150794007,0.773338079148512,0.192481071206389,1.0305457377274,-0.255216644694008,0.143201105231432,-0.437891319788833,-0.605207332702528,-0.72840642751107,0.0799537026613646,0.68334298899363,0.79323194265731,-1.21569424323366,0.853079588808287
-0.304774705247281,0.821413593485423,-0.706559841066941,-0.0079850593740578,-1.16874785417943,0.263626004626713,-1.07560578321966,-0.761809760302199,1.08504814946489,0.221556475742596,-1.10836487183155,0.344536248313971,-1.05723484579499,0.188403297668183,-0.36526069629336
-1.2295071979977,1.0484791453305,-1.2111753382312,0.148908785524333,-0.168412984003182,0.199933440255619,0.184482643648303,-1.25631036631312,-0.439573405328696,1.00966096357875,-0.966458091379177,-1.73702403215813,-1.45012633120203,-1.22785150255638,-0.203502778233642
0.409069825566819,-0.497714077064049,1.56434592144709,-0.357136172103237,-1.03839313574116,0.217171984142707,0.393742680585323,-0.374167710701458,1.18891396068045,1.47766507630571,1.93278623155752,1.48704656373962,1.71797485613621,0.204516506879609,1.00613571869412
-1.43001471005189,0.685061091398613,-0.489988525401691,-1.50332468759036,0.864440001443285,-0.0909408076491199,0.542604476838676,-1.77395832056302,-0.326993016673634,1.80130356566587,-0.109890627733047,-0.181406144314387,0.540467973132367,-1.24112554632996,1.98463195662647
0.396122050850159,0.969239718801271,0.684624897242932,0.583572885862419,1.09184292560981,-1.62650829325205,-1.06837092522212,-1.12831872009301,-0.746373509271039,-0.0641407330936282,-0.485274536622616,0.642866080291213,0.300263581033202,-0.22491458077441,-0.500326066161977
-0.421532095210184,-0.270811988459531,-0.329374287706586,-1.55418010888678,-1.07246478921649,-0.016926321630224,0.12513859081766,-0.441679389616466,0.954446764647073,-0.936673060520524,-1.03701044351993,-1.51249383733905,-0.272604120927445,-0.424619881938999,-0.723991017517331
-0.40139596690364,-0.211033895615046,0.989113590694025,-0.190447731101895,-0.195101083448754,-0.482155940939788,-1.86185662020734,-1.17861232886846,0.319668497814161,1.38668293212182,0.795348808301795,-0.573355506185075,0.123629596292717,-1.21412557985036,1.29729762098727
-0.427176138022652,-0.252482932087433,-0.73315085705498,-0.663463257365422,-0.847019351580105,-0.474392012285642,-0.506050836300872,-0.211791871721361,1.41775593213791,-0.201866080254457,-0.362818486719478,-1.05618060071981,-0.76979363735626,-0.586253013130483,-0.708444593248879
0.510250227679955,-0.569651628046712,0.844113447758256,1.10357179208568,0.889742213307026,-0.426533997012226,-0.226228580273979,1.03933688381183,-1.03972561745608,-2.20257438685862,-0.142451753026349,-0.1339814570516,0.506503270009159,-1.60933123781482,-1.21286805421522
2.32087349214533,1.67362533906151,1.64955945339037,1.25034778007042,-0.411872598127175,0.392866144826847,0.81677529094453,0.739780472911483,0.559310532355936,-0.209196976526036,0.043331719896734,-0.0994180831781063,0.522949883900218,-0.402536119974669,-1.45709259475254
0.113148433785891,-0.686693503579523,-1.26358186153438,0.361355687340632,0.355980270957752,0.436715098305285,-0.885087919820971,-0.452968026634293,0.449156114365071,0.196911397849676,-0.974360176809153,0.288257700289724,0.0651360538705577,1.5684990956742,-0.29008145415839
0.0617712673855862,-1.20671828478456,-0.0450026259504356,0.776156536365003,0.494969804787576,-0.364323151180887,0.945524084888617,0.821864500944941,-0.151592485199205,0.284763235115719,-0.891909773198215,-0.322098978750982,0.260029737510855,1.39994362193136,0.817745049494032
2.23124224819047,1.54008304377688,1.88019372250252,1.12388625825264,-0.411174158199983,-0.281142472687182,-0.680892880931515,-0.204003691544931,0.686771764606373,1.8030077945889,1.2058466264109,-0.73834733459605,-0.236568616856481,1.06202757632269,1.49519662746417
-0.846671863733937,-0.898887899664694,-0.609550952327159,0.0212505237703935,-0.0730231911132183,0.064290094808874,1.01235810236741,0.0397299503569385,-0.0322211341771167,-0.0909614218408035,-1.19817548050664,0.0791910222652993,0.682269886708821,-1.01232908655588,0.108656715969964
-0.56734621128279,-0.350388659532119,-1.22531060740913,-2.27969574120373,0.204897466575218,-0.793543088230838,-1.2693260728226,0.172415294998034,-0.586231001952471,0.632587847930672,-1.05178611458308,-0.747360171351922,-0.757482548664779,-1.59441596095072,0.864575048448222
0.612640485867467,-0.386535038923212,0.235645349500348,-0.762597939476612,-0.210570242080493,-0.210494074423365,1.56697702672049,0.432911641809774,-0.748076915735755,-1.75620850043376,-0.924673703207659,-1.10493514432414,0.00028658128560613,1.36427022896707,-0.14894292819501
-0.531559273101154,0.116986903615169,0.605122740293902,0.452176327436286,-0.516321160356983,0.333818629257773,-0.0253035222335059,-0.592210426792355,-0.499345249182387,-0.855213078115475,-0.354850249462315,-0.202630519977984,0.429181763636264,-0.0817837783396308,-1.36852208419481
0.87650245817651,0.907035958544701,0.340750058331274,0.399841859347294,0.546371320201882,-1.92525943810973,-1.4529898586904,-1.71153844924036,-1.64659556465705,-1.4372141362621,-0.279896324921948,0.191474579691009,-0.0622385483602423,-0.350239905466669,0.896074792203115
-0.773144962448781,2.71623546802405,-0.240877324752291,-0.691598759412,0.324097505364795,0.977972656606096,0.578847090653993,-0.494458021259398,-0.0183682934820485,-0.689170902282871,0.601269631212075,0.270402061627011,0.0485512882929545,0.330787731228587,1.21798247189422
1.45351828173238,0.102040185530236,0.009122035016916,-0.718407791111521,0.44932365679961,-0.526037753917017,-0.564805158889072,0.206251640882733,-0.216847126959757,1.17038327686798,-1.97979973634712,-2.19853333174872,-0.948865938277491,-0.950577094348792,0.0789077507449924
1.33014741027956,1.59587265915971,0.859776451150237,3.49046316794182,1.19814807855312,-0.503271661514271,-0.136412154208967,0.288769987219559,1.20611937532043,1.20236699891074,-1.38121032903961,-0.51666908131459,-0.0896815426865694,0.549791589299428,-1.2210829246155
-0.510460909984951,-0.333537805554802,-0.428270532353709,-0.109656817819795,-0.414304441523373,1.06127677117757,1.77212095535406,1.49507560093976,0.18725962484799,0.59057071920636,-0.333056049326416,-0.228371648252504,0.0805927210349984,-1.12667038766537,-2.10394343692152
0.25727556190886,0.730909548091588,-0.769387729530617,-0.169097259799979,2.82869697736544,0.735707922324448,0.162690165861255,0.178031785588599,-0.0544819521514189,0.203192707488367,-0.297491530242739,-1.74012553159296,-0.453292736687726,-1.99695701554448,-1.86176227300479
-0.940390346218391,-1.53646803805546,-0.770443245430965,-0.987421306544172,0.137515652391223,0.805037741485772,-0.829196200011871,0.379191724548774,-0.606642678652019,-0.723118763968814,-0.447418886006984,-2.02124434606365,0.228618100979427,-0.24249594560076,0.426866678864126
-0.622184443806144,0.140076114940607,-0.0536585789232837,-0.681748588331438,-0.829755705588354,-0.0494619170388116,0.574572009601563,-0.0798415054385208,-1.65745789275484,0.514607009723836,0.55797627557178,0.305756707504959,-0.0982989432862263,0.976100189683808,0.856053251138775
-0.944432764854819,-0.899031924585948,-0.359052687026183,-1.02535415016162,1.16706763902875,-2.4946358231794,-1.8204386203515,-1.27298466752889,-1.83764408559822,-1.04931118272578,-1.27104047565943,-0.7726383297214,-1.64625795949496,-0.0495058043993616,-1.5057587785398
0.688641785045814,0.0393041369414825,-0.0185272680128661,0.2851242929028,-1.00083878914653,0.303752428887013,1.94024771009483,-0.358948421542101,1.0509690901438,1.55904075238966,0.439737043435021,-0.0578570372206828,1.07773436551886,0.431864114307231,0.220432047568111
0.118772735683969,-1.07094868444352,-1.5482563816537,-0.514047536833438,-1.40516542885789,-2.23373637623865,-1.19787425668686,-0.840802970882955,-1.08888076519829,-0.596972586005948,-1.23462238322789,-0.998544789750076,-1.6504045804899,-0.169593336911715,-1.22714070480788
0.209325561794464,-0.277706685308901,-0.606765311727828,-0.427498884471351,-0.660615491357145,-1.30748125945824,0.0195757997229587,-0.5963621707227,-0.000827628118730272,0.052345633966782,0.697349169431241,0.028453718234628,-0.340835342719934,-0.574799980775199,0.576048983041746
-0.868572841881229,-1.09718415018426,-0.615428395791499,0.483766462899904,-0.355690312063413,-0.536889315403458,-0.481443536819986,-1.17457390279409,-0.610404696517302,-0.998563751782377,-0.000936974493191602,0.0530875177374185,-0.0301382880067095,-0.110289275585866,0.241012206794991
-1.29818252458156,-1.1398961829179,1.15992956394501,0.326301788501547,1.72055147764442,1.23235074911532,0.924125346732002,0.893388413403567,0.527612272533503,0.0942569735893373,1.33825185971187,1.87658109787644,0.875493461300925,0.875397857018543,0.072129974623251
-0.49708738799086,0.589336759301478,-1.13325511382882,-2.07026615144038,0.344047764377131,-1.31362835653951,-0.781891355938848,-0.517502941376259,1.25817398887476,0.843323444594221,-1.72782418505394,0.723068914600901,-0.968217547454363,0.576697923315944,-1.14846027905754
-1.25178751814085,-1.33368365784758,-1.82214254087884,-0.617080424332236,-0.617039096805167,0.621350726744635,0.190289632264125,0.0286539626523261,0.65236670440048,-0.981115981679315,-0.232639872133212,-1.75497944814749,-1.18945638954873,-0.047404236177819,-1.06363543748899
-0.830899911615368,0.169506619226792,-1.36104693811614,-0.936569071716719,-0.594003189127115,-0.281831451718258,-0.218008552040495,0.245184027351339,1.99876266994165,-1.39862532062931,-1.57378446002311,-0.148898033146314,-0.434255074518098,-0.364562653101769,0.419070903305568
0.365733800382377,0.879824401341281,0.705024741525716,-0.946401837861724,-0.304752345599538,-0.508338346684957,-1.28168928984749,-1.20656355718785,-2.14421418880192,-1.23405893812997,-0.623799454900769,0.138077789770483,0.409607906859489,-0.957965724857103,0.789565711364647
-0.542772613289958,0.263596756529201,0.143078237977027,-0.559690802680256,-1.28163476585467,-0.446776665634646,0.6489150212098,0.163135566422921,0.648077317842165,-1.20783470366441,-0.46052151473986,-0.640388999655576,-0.489623410652115,0.949381436377295,0.232728478190688
0.886274690786318,-0.319476214176927,0.768502056045452,1.41431000475464,0.979109950244784,1.45688086850338,1.43841211415647,2.07719125610818,0.818756228013236,1.08652735169074,-0.26368892418389,-1.05753793568598,0.269091133373604,-0.541798189232741,0.083626311617964
0.84378801555179,-1.44817297718068,0.228828541058507,0.718062326598367,1.37264152308294,-1.21794805975258,-1.2744500494366,-0.785812644787046,-1.07805950243387,0.233759661343483,-0.385867585928921,-0.611382724955308,-1.48657408362969,-0.984241200049557,-0.0718209269035248
1.50315221966718,2.00355994980414,0.721785952019564,0.369603755338528,0.769440884837969,2.87023404345268,1.6896533756727,1.52367811355603,0.60973550762126,-0.471334199094442,0.781151624640666,-0.108598739236589,1.81274823568263,-1.95434138715254,1.5104124608053
1.13445659459907,1.82479804181081,1.43832777696953,2.29708761195688,1.15752293109361,-1.0028514183992,-0.972243583230088,-0.4373960624129,0.351630678730615,0.50872384495895,0.886781580567289,1.12330888613269,0.841621550708981,-0.366656723279118,1.16312606066079
-1.6283966871968,-0.815040012344592,-0.502093226930411,-0.238732071070943,-1.27498758750391,0.287702201302485,-1.57443147126276,-0.116402112382231,-0.515026422256471,0.445754003900509,1.74819105889515,1.06748855204464,1.50160006678127,0.0202826805103735,1.01079466820713
1.31731417664253,-0.765414967355807,1.08657117079497,-0.807634856654104,1.00093681148895,-1.11511893470439,-1.23921418707092,-0.451307414566914,-0.772011739665057,-0.993593252834662,-0.262743430854637,1.09276331063692,0.395210962364082,0.370113288852911,-0.499557250682026
-0.00919318287502352,0.421659667841056,0.241161568859658,0.309577105848648,1.0462427910862,-1.12002787165856,-0.952187292366618,-1.14766359795558,-1.14347424508497,0.583042751961905,-0.88031831836696,0.0367183789862183,-1.16237578399646,0.0680048518709895,0.641241429451865
0.0211654684020051,1.16275908178206,0.396111629810678,1.14410985628308,-1.49728121172871,0.49678278411822,1.08509345244103,-0.455623321362619,0.809000385984984,1.69916584186431,0.44339156512057,-0.177690479026436,0.384230499456446,0.801334115663748,-0.640045659271565
0.186548509837729,0.615937385807563,-0.381494547243439,0.180537011940228,-0.304983508389337,-1.06938267126397,-0.652822197269319,-1.31144301702771,0.00221914835592512,-0.151132825062201,0.538331878198561,-0.384445290357363,-1.6280940994135,-0.842756083259158,-0.564263790339465
-0.555599107215764,0.437699153504199,-0.151642070718687,1.12684015272974,0.334803660477063,-0.270740536200123,0.720563835801695,1.59435538775495,1.13739994940384,-0.506561463513529,0.097309422449415,-1.48959969184009,0.48612585015547,-0.523805328968993,0.984234588135801
0.111192062590966,2.26626573221828,-0.44122313310956,-0.251677033146496,-0.219543800821082,-0.299189142128259,2.36100585630772,-1.61555191209765,-0.397812644761821,0.17393429192458,-0.344078433067709,-0.462996897960038,0.920082089185977,-1.17003636509105,0.559852691783574
0.310684338942314,0.845830445592016,-0.774493701980881,-0.147100840094269,-0.434262851916282,0.603045527200532,-0.202043172362061,1.45703898721462,0.144812991223832,1.40785415176539,-1.28047691178129,-0.133448096783959,-0.10578237365566,0.259043144129674,-0.752190115993768
0.00553101393920194,0.178782526342137,0.247308896384205,0.302313214129482,-0.013144099321501,0.605015363328672,0.88981797637863,0.238785649201453,1.09634295910471,-0.786533136932749,0.897828367697755,1.82044609802725,0.992386670847876,-0.538550879691171,-0.135505230075978
-0.69238093871925,0.696435207086481,1.00234526955601,1.00293391842316,0.737798493685873,0.647874103212265,0.772932584381858,0.966389257684909,1.71813793916734,-1.53581192749595,0.54675017564858,-0.212690069569138,1.17770098918258,0.497661202780576,1.31792954780562
1.94402371716352,-0.128976244046604,0.953911268756156,1.24496257064798,1.16633443785574,0.979184142669092,-0.695370431677219,0.38300906816385,-0.64141357517471,-0.277687600330892,0.168291675404481,1.08649791251838,-1.15089554451417,-0.51414824729241,-0.0334892553594782
-1.14657788368633,-1.22808230118201,-2.18210569008939,-1.39322373899533,0.34167977706408,-0.0336167005255888,-0.360944872117103,-1.81956563679052,-0.426265771179567,-0.333633691546483,-0.988039863552095,-2.17879778005953,-1.41642477578994,-1.87811432062026,-0.200193781551849
-0.290019166916736,0.332792694259832,0.336801674836946,0.292678185338293,-1.21971322470154,2.09042437909953,0.513966952363804,0.188326040591982,0.831030472966837,0.0912966071172258,0.237274334985261,0.139020211883117,1.88580592927084,1.1758322814436,1.13431437512861
-1.56322287419667,-1.52491306889385,-1.08956188514999,-2.27115118367518,-1.85264627996464,1.66896894894127,1.15667606693125,1.42185510613185,0.634737450586805,1.08601835627759,0.542761981038205,0.536218412771605,0.279713295547754,0.634684256876658,0.860996953807023
-0.684783822867441,0.172189994519688,-0.0582977806010623,-0.280395008474113,0.965675418984259,2.22556223761082,0.478112255805428,-0.286743469117442,0.0962532209728813,2.14742928840445,-0.141449590620466,-0.180009539584463,1.38363139583982,0.36991333592689,-1.84715659416781
0.374915462071612,1.34716169891378,0.202777640876766,-0.181780538133589,-0.737041771184193,1.21093758888076,0.751467580057598,-0.549308119755402,-1.08432120245226,0.57970148162341,0.643194325243527,0.734000626893752,0.332815693661742,1.06671002492812,0.882728766368208
-1.36565325352409,-2.07881632312484,-1.13513275433371,-1.12703973665911,-1.79058377213306,-0.299207461169107,-1.55313733132068,-1.11923942693511,-0.381799495310467,0.0493268848275053,-1.43523916507495,-0.45400181765979,-1.68363925043938,0.659104864408329,-1.48681529201918
-0.779291532143665,1.12597372205167,-0.875662557286088,-0.751453856028312,0.438354450610861,1.2002556877415,0.574012493830668,1.80919541992116,0.409805101046856,0.288657489513222,-0.724663308095659,-0.615679976071776,0.41899738983244,0.549810050993604,1.22877807257665
0.97474250907853,0.541462079646177,0.526173093505502,0.494045305246006,-0.825705720631115,-0.27355144574068,0.619705284479598,0.477644795584204,-1.23151074160904,-0.505688390092689,0.133206647237906,-0.672114783370645,0.429531328853294,-0.0392217850649688,-0.352063719403467
1.19607156742209,1.26700159249597,0.591622844573318,0.734219225335808,-0.319102727807856,-0.869742526301844,1.08362793449803,2.74552446275002,-0.961535653335392,-0.0712694417404954,0.424813544920517,0.998652684501499,1.71569258098965,-0.074777586959721,-0.0963153196870176
0.739784592037165,1.64174230510262,1.38811009736231,0.33856014100195,-1.24231259304049,0.486597742680798,0.724100911744781,0.578781305422145,1.64166063605936,0.12216246523011,1.22189176981493,1.59505156299486,1.92640562709387,1.5744959120101,-0.00546519209847202
0.46216645387135,0.321955039772288,0.22926951512217,1.33374454586623,0.919773923538314,0.105776250883234,0.0989203619540028,1.52614755656034,0.294837822832087,0.660456605102109,-0.36176515432024,0.14538525262415,0.634634941137933,-0.186082335563455,0.540905852238002
1.15860351656215,-0.777999376317238,0.30048685728617,0.433114802806599,-1.59614008193795,-0.251948402685349,0.0414874953530707,0.0614369445891002,0.634635962623937,1.60974470008593,0.329855166920617,-0.386825717913357,-0.659788722138267,0.876043078415917,-0.1258256950153
0.239430340661586,0.238376283573257,0.980489810623762,-0.832456035937806,1.53388972065746,-0.164809643850292,0.694327562447733,-0.366215883129269,1.22280908572423,0.265417307611829,0.403873914509625,0.221013967954853,0.292541037057166,0.216539492194124,-0.185445278497448
-0.144434762904359,0.728253058374254,-0.569070860294809,-1.64971254664154,-0.062591284791152,-1.78221486722082,0.417549802184744,0.543017659298616,0.922477080547863,2.13777648929268,-2.16714453661367,-1.00431828823912,-1.99383667094718,0.470225106272553,-0.395273774023387
0.34891936946489,0.893773780837066,-1.1873911946866,1.09091855310996,-0.251061142232235,-0.743789211201819,-0.535922240222365,-1.15877873562496,-0.903898178688308,-1.55160073201357,-2.06262974310077,-1.06534833816927,-1.85153940208797,-0.201754808494634,-2.09610650654309
0.417588804716054,-1.36858890477593,-0.348570623379416,0.778925918614144,0.0148871430140945,-1.32478695210352,-0.191715989424254,-1.45265377482808,-2.41084882432113,0.403934083979684,-1.37510527949678,0.348425149999062,-1.23362081575919,-1.09368081908238,-0.523027851330952
-1.75639964558468,0.789075154413165,-0.211167605283625,-0.04804412878888,-1.63349622370611,0.0406228090022227,0.605863006295036,-0.474026134138213,-0.44334841964336,0.389556686368567,0.619257041132687,-0.609012079589869,0.590886270629907,0.0295088482999072,0.448924392537366
1.1622523183483,1.03379436900667,1.73303680233435,-0.833119452866176,1.31885109120319,0.22134834766377,1.8729940324385,0.752136230505311,0.0296217891855637,1.16455152400518,1.1852552927807,0.168273057854298,0.356529871166894,2.57523815974748,1.22218541326201
-0.116100011263121,-1.42423137922681,-0.484803397307524,-0.189178714526779,-0.996809588876097,1.21010947468574,1.28495304351894,1.13717918001955,-0.537188009800175,0.43721870996504,0.0205117106345081,-0.460577199492897,-0.783007021490027,1.64245753603618,0.508756991409536
0.868956357184459,1.01756010147525,-0.0862438182357927,0.499444035328524,0.326322132365355,-0.337411231362125,-1.43152204357307,-0.643157390322317,0.0718360492473718,2.48795556608261,-0.301839771858183,-0.244267227297296,1.40898235189371,0.83455328624284,0.600597134913168
0.000832324419856201,0.679743114561483,1.93768665518462,0.834007745798947,0.413837253682799,0.285698645223641,0.578098521338719,0.310919424845137,-0.811445090024507,-0.221937826970551,1.31962670045958,-0.345394436037052,0.288670854932471,1.37190781053093,0.877441105243489
0.253720311263584,-1.09140312542056,0.505978929856098,-0.201550633568817,0.907695805883938,2.22727875852386,1.43899568560628,0.0889960452737028,0.893043301767028,0.129186142012781,1.84558664242829,1.64317973384943,0.402058162749649,1.38406324766707,1.20712499750558
-1.22560053788259,-0.249642478188553,0.0194479666183413,0.995815368172899,-0.282494315152913,-0.0248216933642082,-0.454258852168985,0.542888774978197,-0.256333406969181,0.14717940980782,0.172366397977501,0.0866202432332606,0.574044825492342,0.491059056330257,-0.140173460662013
0.701553872578293,0.678476745366321,1.24251785169175,2.17620044060282,0.952283452378573,1.09108023676646,0.411961088068843,2.51971656383055,0.986197948230899,-0.779307504240543,-0.46003339824686,1.30179752760342,1.01426169136466,1.10916538802597,0.553743084618145
-0.00525757988298961,0.970456410007194,1.28355675004051,0.190018877380343,0.576861604353646,0.828234937502072,0.859386671089499,0.313713502862071,0.149216227106285,-0.708269974617827,0.678185843856429,1.23766434348142,0.766395640237513,-0.649560018028588,0.838566313093841
0.523427229506767,0.658548050679955,-0.119115749222428,0.451534722742128,1.76813059016105,0.180236645968787,1.48773378824141,0.710576907101803,1.56038987753184,2.420750501284,-1.95254540479284,0.236527430520486,-0.89926263897176,-1.98862317014605,-1.32402954475891
-0.577974240500077,-0.63779283349941,-1.88835430585866,-1.78800206459073,0.519055223449846,-0.28284626553516,-1.23632678707847,-0.469292156573512,-0.381416137630089,1.20023813103166,-1.84050546907314,-1.75085611390317,-1.51472067920523,-1.61447157354427,0.593809703454834
0.325925300563146,0.844276351989603,0.636948036017312,0.419453184965163,-0.185013379810776,-1.28258000208776,-1.07740576493489,-1.05506828623007,0.0869332389020575,1.06112297505914,-0.468292691297999,1.43260010952951,0.109626075106349,-0.0170220297049789,1.50898741242821
-0.268374236442041,-0.332037185854883,-1.17794712589184,-0.381106423354841,-0.205478139236706,0.367376171831854,1.45267908552466,0.376847331862122,0.815113239253668,-0.682172392172646,-2.51174793808867,-1.65278653998495,-0.442493275966377,-1.30845452789655,-0.427096932206988
-0.28062747109548,-0.194906255569236,0.0684902412519484,-0.609229488454188,0.383137896440537,-0.707957740910747,0.0317214180804065,0.218133685119826,-0.0746529757756548,0.388284227493782,-0.39852970692289,0.909049551913913,-0.529645486336939,-1.07450926090406,-0.677672938370535
-0.822345034353802,0.610144661223607,0.0779174339571061,1.19273382721099,0.0877682001962838,-1.76957609179007,-1.46683003080952,0.372374340415475,0.536794310462609,-1.52820062259231,-0.516507481880704,0.731578883018105,-0.381274381343481,-1.89873595991992,2.22499911041961
0.762956102599291,2.00257440069773,0.764063437443426,2.20061532330186,1.26829133850422,-0.0475035400212777,0.778268523327158,1.06157484308168,-0.442435887672218,-0.0437210097313954,0.459045198569191,-0.223499066962755,-0.68127453034177,-0.34637248952008,-1.89158199001354
-0.216933068981097,-1.52232534176829,-0.444999643711235,-0.505272031328326,0.108586483051498,0.751135321532661,0.42177201618823,-0.262096618680364,-0.0802266509030993,1.74132146517216,0.328778212905566,-0.105402234556021,1.12526275855214,-1.2831260628239,0.0978442174227675
-0.0631981626351069,-0.711054012390768,0.784022620140354,0.432817128274948,-0.586044165447709,0.827197955490778,-0.0909715600093375,-1.47813712328319,-1.52713262192365,-1.4783352234181,-0.11306814731559,1.84499168835674,0.352054424698724,0.0832834325822595,-0.11242865992978
1.16544042709435,1.1574840550639,2.14736127108859,-0.0053319717248489,0.494930879881062,0.434808593379572,-1.11006914160413,0.506452184310231,0.200979790943435,-1.320462856505,0.960950725941708,0.427603713625356,1.05745422782077,0.567310780163949,0.631122584557025
0.69113034601032,0.723328727692476,0.788303515216605,1.56438850262408,0.948984702007109,0.91698154887441,1.42406964287553,0.897747776700524,-2.0372572056391,1.18560811684848,-1.53219866393085,-0.610582866755437,0.305200231689128,0.0557211241738056,0.451623954778859
0.943017127718203,0.449501449721982,-0.0855362992984175,0.681983154310898,-0.376538742804459,-0.440997117591279,-1.43516403712756,-0.486794665251833,0.219077193229991,-1.4580909753776,-0.743044011359681,-0.647912573093589,-0.075831894785609,0.413072079976567,1.49401336076817
0.606003624858304,0.793376116832976,1.04034903497216,0.473255829732066,0.498043646430686,-0.321558084579375,-0.532261250664047,0.368123797530874,0.353575722653174,0.0219985538300773,0.35586491452988,1.44697585479702,0.355227989594382,0.0516601011327508,-0.840872628137098
-0.794741151774932,0.339123108752833,0.769039011989391,0.442469252243172,1.09334461364494,0.422989287555097,0.441529234415842,1.89753828644072,-0.503134756408492,-0.97635469651714,0.024301264566515,0.579860113281824,0.139474504064665,-0.492150661658182,-0.052778223258
-0.92182210479244,0.477095076909016,-0.144061215954974,0.336749028236959,-0.838336133286978,-1.09847308476186,-0.966660162628342,-0.166454386909034,-0.0879585853454409,-0.793162548200591,0.993795919479909,0.224903439769331,0.369248383900968,-0.798294860539466,0.490701176531783
1.09257307515391,-0.6762549911066,0.270979563226049,-0.772554434876345,1.01245654965349,-0.351390983666381,-0.394717326552095,-0.479625560078601,0.361427586568907,-2.50286408061164,0.427202123205101,-0.705706190067711,0.390543698384118,7.96039662415262e-05,-0.15308582319889
-0.533439345920286,-0.906499485166147,-1.18541415002213,-1.98790512380928,-1.06343846172226,-0.465834791631955,-1.27856323615332,-0.457257721491722,0.103698426714784,0.816829948244432,0.41326729568054,-0.651216292273356,-0.630539763774667,1.21331836918349,1.32512334323811
1.30295333123892,0.420365449881144,0.270843261865051,0.158202000005659,0.192344993927309,1.74282663668404,1.79615053557258,0.829155810424486,2.24445415076824,-0.532402227388842,-0.301395969147624,-0.586229858185636,-0.214734001640622,-1.0277274888641,-0.881491736804775
-0.255854494599687,1.1095250348161,-0.147245043370803,-0.81009878039104,-0.780672824000296,0.898689639678551,1.33302766728612,-0.196156885230941,1.3405636058586,0.745944337521828,1.09606434814929,0.0426389719295346,-0.0784901725767582,-0.551519289531854,0.48611012282789
-0.122555970167399,0.236370031363995,-0.516040354670318,-0.247209626129177,-0.992218696857236,-2.02328132954548,-1.50878430103294,-0.363399695722947,-1.77464826079458,-1.61822378735068,-1.23262954928012,0.515470582296765,-2.04819365822129,-0.599955276112368,-0.960256042360434
-0.813290243430194,-1.20529819452507,-0.999037309601519,-1.09430692151192,-2.12463344045941,-0.245186110034031,-0.10984043463798,-1.37967185394098,-1.06834181006294,-1.05656196701037,0.158507291983201,-0.792847719719021,-0.116058187173159,-0.634856548563062,0.814470673180741
0.530595850823455,1.13350200929571,-0.0138175986778831,0.537771122763916,-0.12352080745761,0.142314599938033,1.00060770656646,0.454785215743548,-0.579586947881988,-0.238508387913073,0.45770818596056,1.00433338874021,1.23942743649639,0.937506500518088,1.88054711627419
-0.622207903358479,-0.96676691294836,-1.11827854983482,-1.96622232643518,-0.926734584671793,0.871095454266965,-0.600999692159122,0.568669963469658,-0.244696756796941,1.26624561986254,-1.06289473064566,-0.766249947907423,0.537796977393483,-0.326160447421779,1.90125622776002
0.0962909542002778,-0.519349995442352,-0.241729044165286,0.771829473452223,1.33268226357518,-2.11081812885076,-1.21732896384509,-0.525216227968811,0.665973423684043,-1.51206220867736,-0.449234427720644,0.46540955192351,-0.317341230084356,0.0862256875900374,0.290854622342228
0.548052061902482,0.276406308831047,-1.54677552858017,-0.210629197241389,-0.0647485211302125,-0.492272099821694,0.417060014026893,-1.22460299548822,-0.0389142666452518,-0.330308930184349,-1.95924071918025,-1.33759320384195,-1.6113093502408,-1.23069050672046,-0.539740941332458
0.11166532030101,-0.27167430935199,-0.501802292894945,0.0673780759141967,-0.392708189483475,-1.42836239797067,-1.52349525741947,-0.321657151297561,0.149028244076486,-2.0983972614858,0.407273744329512,0.141652830153322,-0.595292706243868,0.0078906551648267,0.840618944880399
0.93588886245609,1.89520919526515,2.32173632639906,3.17548553402995,1.62465624477017,-0.148452376188705,0.214998604399073,-0.43465912707748,-0.112914797465088,0.809767354453306,1.0686468470485,0.489198681969366,0.972718258280991,1.14639455856504,0.0400164215366199
-0.305337449149324,-0.752660074010685,-0.88327538495181,0.49593429617176,-0.304960097586082,-0.650987683131473,-1.0637437285953,-1.14053566704542,-0.837061130216712,0.253239463635779,-1.10132874867566,0.244310148281154,-1.14593346936603,-0.295637012768158,-0.402603563660725
-0.231974746701432,0.0471715348524893,-1.36076371550651,0.436638990831992,0.106110590467999,-0.41275720093981,-1.29886961124624,-2.45016647400602,-0.657314471013222,-0.56619543323231,-1.51740066578658,0.227821533689207,-1.01260900753128,-0.753374438291085,-0.937949395939519
0.710495859632341,0.887480727977234,-0.31423309424373,2.36999704540874,-0.844173890489189,-1.06115301219049,0.0471146547166417,0.367089656845748,-1.24241424421074,-0.508749163019107,-1.38638384199407,-0.840840063797729,-0.66732129867495,0.0522536222940006,-0.850001749920103
0.084722866188081,1.26599343435798,0.554748592393007,0.234221106407691,1.25705915860983,0.517058775357211,-0.140711348301725,-0.0579161883534504,-0.347372056415962,-1.30738307466321,0.577652117340946,0.572415332292193,-0.571244631928745,0.47466260572617,-1.78948754503271
-2.11963265590341,-1.21353727580571,-2.28981918223194,-3.18873168137308,0.847421305302941,-1.48103210926356,-1.58289803089398,-2.25051878668948,-0.238659527829498,-0.63350614510293,-2.63251745416763,-2.31622638526925,-2.76874481094675,-1.38208386519139,-1.57536911128618
-0.341549394864321,0.403931632348731,-0.384470926506681,1.16086796079294,-1.48348241358052,0.411595337814271,0.214491009782321,-0.218415781859309,-0.560506618830926,-0.277208313574811,-0.309502792231436,0.446770951693111,-0.853350818781371,-0.105323746589843,-0.0659021078349958
-0.248315474675054,1.22410043164252,0.824237043139298,-0.610629514528434,-0.168738924583678,-0.480876922147151,-0.79626919311011,0.929313112558209,-1.23406099432251,0.733720790225145,0.672715024468798,0.734444363920445,1.08905405830857,-0.840178067565229,0.653915959620824
-0.384470732336676,0.214934382116871,-0.667521918559751,1.05459666818653,1.3167177175697,1.04088665899561,-0.960227017590063,0.088634524771421,-0.382508660728057,0.933127107722284,0.383709305532251,-0.541997796927065,0.0594061142833606,-2.58602745472599,-0.977803665340166
0.441211178086566,0.370939117790317,0.157582315708077,-0.564949643377305,1.45314111628664,-0.698608618476666,0.263956559650096,-0.820671425749995,2.18173362395479,-1.59771173331828,-1.19989430708154,0.215009384025046,-0.24040568412887,0.844499019841073,0.524586815455559
0.466976357695672,-0.312074872983212,0.515395341097174,0.0222686377332364,-0.258609785104251,-0.334430653287749,-0.198231513076342,1.10970693748655,-0.171466596999133,0.64360225960162,-0.289284224243708,1.92751297954788,0.774343005423411,-0.409545538585852,0.66819761619508
-0.0340359159402599,0.181561281168567,1.79039486035889,0.916875201326854,1.84828498165083,-0.213746002004056,1.45415950709793,-0.253688473933846,0.203374836932493,1.60107443802734,1.76815002820955,1.92688517752572,1.20453747492648,1.85654446203884,0.102066387403712
-1.01327767149662,-1.31698693369781,0.406125795591127,-1.05408815392985,-0.707742186591612,0.229494101343502,-0.110453972321293,0.303595702182351,-0.27509715426294,-0.312144100373462,-0.310058669776835,1.45025562556662,-0.0398902450622734,0.454425542313229,-0.413433550040814
1.2645233080352,1.17596539230199,1.12244338053074,-1.11006012069095,0.833445422947828,0.4034950419083,-0.381238604355766,0.651043341547483,-0.0689551336390272,-0.528779389498158,0.219234394420129,-0.378924194461237,-0.256610072432181,-1.02995855133457,0.782517857785912
0.924934397151669,1.61304503276476,0.704031619426229,0.63575264273443,-0.0174882556103486,2.09197260393349,1.15234063922694,0.465169289249116,0.389321713452911,-0.264230608350784,-1.47019092841138,-1.42297114590025,-0.425464720687456,-0.517063538611882,0.749066245935671
-0.831566002754252,-0.749449712078757,-0.291420508879556,0.523741477831563,-0.538687990243053,-0.845539120479826,-0.785898822888539,-0.656422760631442,-0.0550040823353286,-1.11628668037161,-0.367581588845704,0.0304819537448962,0.0648265594241883,-0.174801247599512,0.7662656697938
0.0778809285410915,-0.404357498812039,0.296231488207481,0.174997709074255,-0.230385027782203,0.28205392442762,-0.139892676552535,0.273087965793903,1.27169156185596,-0.230047779143337,0.821158324539515,0.145093749921096,0.269309810858791,-1.54129513275078,0.422840324828269
-0.688957841598573,-1.14528084371452,-0.339882610936815,-1.13108488849806,-0.447617247928046,0.914016201551017,1.00415925923326,0.112646819350716,0.279433664653799,0.871185535080278,-0.292946861453677,-0.242837621460379,-0.585965099845394,0.887605831711803,-0.615207019103527
-0.590504543053807,-0.329474185691588,0.205802284625099,0.978472635785079,-0.289712534781872,0.462575073821459,0.6494228105116,-0.146634911447609,-1.53827187056285,1.39691987484069,-0.38354455143265,0.31645307486429,-0.0527981161536762,0.738671849861391,2.00251011903554
2.81145857564098,2.39110458207994,2.71669984581513,1.57538747983914,1.2504540548045,0.530290726551605,-0.073870989587432,0.943847261268808,0.942915111745613,-0.415390003223119,-0.113026180096756,0.033822119350319,0.0034878789965872,-0.553931237904658,-0.623272623938933
-0.920547629940663,-1.10648910998178,-0.896073630225772,2.09878394678698,-2.09445621360871,0.22458358476752,1.02694064216739,0.925633234765712,0.884082564436389,0.284783335576779,-0.204824082651456,0.153429766007035,0.266692867217726,-0.861710029609865,1.71386717784546
-1.13098539466642,-1.01864436693271,-1.82694985070257,-0.749921447683925,-0.0368744895688601,-0.207755678492863,-0.194506053930898,-1.56906896739442,-0.770132896360445,-0.137870118324047,-0.800330564615248,-1.43436522402857,-1.64700475337647,-1.13988939341038,-0.193822310947409
-0.709463485357948,-1.24298231293745,-1.12855606012988,-1.96384306770909,0.899176727427962,1.11223625553479,-0.391159817673002,0.325121623681801,0.790638583006533,-0.802401015674203,-0.0790092868642324,-0.21663775528197,0.389259776387272,0.520848933763659,-0.301041153810417
-1.07319774774538,-0.681878199027778,-1.13448727805901,0.0329469299364118,-0.586391602000119,-1.31893454326346,-2.00354856517262,-0.525673166176619,0.107903516295124,-0.55812822332372,0.717049384362156,-0.610059705090077,-0.77446232965221,0.0601287478902304,0.627460991780473
-1.12247105675317,-0.814864927513979,0.409863045883466,1.03535006162435,-0.239053336948755,-0.276270581103788,-0.326969642984149,-0.789844003394868,1.47051116571617,-0.380672445555461,-0.120883232786347,0.386594365342394,0.530278964905098,-0.710214528997456,-0.697390924110201
-0.295382971047781,-1.13384389191047,-0.252589367674068,-1.20925007332027,-0.818897429697953,-0.193636762064781,1.4937505279605,-1.18638919633976,-1.46172506135948,-0.830349957803515,-0.0477463314837137,0.568121512525584,0.901294654114068,-0.0609321352240288,0.0956560140043898
-1.10646494906209,0.0532053235162903,1.38152199311211,0.143389070588552,0.052768858347465,-0.234160185805422,-0.914310317743764,0.516219217890948,0.0369756587543553,-0.526846863277204,0.444660551649036,0.747620717820003,1.11849964889169,1.10313068445504,1.68320593638844
0.789367449169654,0.625848576460948,-0.267964940534412,0.798461030260528,-0.513580510163274,-1.31760451859725,0.250520987380001,-0.573314138798239,-0.574212776272946,-2.1795973322463,-0.193668828600596,-0.539451980329927,-1.03345292930289,0.622988432954476,0.593301292541203
1.17522247311282,0.52801363367985,0.847758589341563,1.61189627010891,0.575033564088246,-0.00972258040094466,0.273382027324967,1.55544504497281,2.54162302947083,0.20976987178059,0.791587823593786,0.71465736833818,0.730655817375356,0.801198624108459,0.209610138330991
-1.31136322264065,-1.49626735024894,-1.67002324476131,-0.304816487782725,-0.561321912457206,-1.21439567109372,-0.154033822605259,-0.2810228446383,-2.17260128012037,-0.472277700465812,-1.67357746938115,-1.46968687608411,-1.87746167922322,1.01691003624588,1.00451761430908
0.689318282338136,-0.343817378248495,1.30580477783261,0.688913173948049,-0.191932925283669,-0.6886437456723,-0.264595078425431,-0.228888214645784,0.272530151358853,-0.919216771899416,0.268283021329332,0.360061970370164,1.05343284539436,1.44063906063287,0.397109185089867
-0.469768590986404,-1.15252887590336,-0.430888257914299,-0.0285607881603419,-1.03253809162531,-0.892768864612671,-0.167917156276965,0.214765429249756,-0.64406558596751,-0.238285900656269,-0.78171784905453,0.284486429129397,-0.569524769986567,0.124285886250307,1.82422670718198
-1.42045975862253,-1.27794803677179,-1.00120606163453,-1.41518501256499,-1.57985441752258,1.72202259580028,0.599535752361732,0.671103627114443,0.678549992384768,0.531115531481466,-0.0222931585648792,1.01543387726251,1.4537836487742,-0.076846366647436,-0.745218305428183
-0.208439861764029,-0.16631314677964,-1.5242495008395,-0.242701772822963,-0.235834173028934,1.37925146975662,1.78566200005959,-0.740746894006912,0.275548108177732,-1.46850752419313,-1.12185511442085,-1.41777755032004,-1.6545946234338,-1.11037740092942,-0.327462087737832
-0.288837916120994,-0.306495027926495,1.25212809135754,-0.297920307579649,-1.78667077179985,0.532227903594191,-0.0964420756042384,0.892833770476347,0.300518138278353,1.40987692180236,1.82096302792127,1.64283093880216,1.17000878434454,0.715399316493909,2.13476628603103
-1.88655202554915,-1.31711856195169,-0.569843849210666,0.262906055773513,-0.219461980467861,0.969688899198009,0.400156746093024,-0.213615370349693,-0.0608059846563835,0.435028782927733,0.397408430557612,1.51759951394354,1.90132753161437,0.114725202769272,1.30424495991629
1.46465547414413,1.06961631694755,-0.605729845065152,1.5737107535064,-0.813411931980464,-0.875328779655535,-0.777942613484464,0.577187771249886,1.49787267779828,-0.541575747201068,-1.69322758021925,-1.38427438184377,-1.116237338817,-0.762839191926788,-1.65218768555971
